{"cameraMode":{"drawMode":0,"name":"Shaded","section":"Shading Mode"},"sceneLighting":false,"audioPlay":false,"sceneViewState":{"showFog":true,"showMaterialUpdate":false,"showSkybox":true,"showFlares":true,"showImageEffects":true,"showParticleSystems":true},"in2DMode":false,"pivot":{"x":120.14810943603516,"y":495.348388671875,"z":78.90003204345703},"rotation":{"x":0.19389422237873078,"y":-0.14374008774757386,"z":-0.0005620525334961712,"w":0.9704347252845764},"size":2081.046875,"orthographic":false}