{"cameraMode":{"drawMode":0,"name":"Shaded","section":"Shading Mode"},"sceneLighting":false,"audioPlay":false,"sceneViewState":{"showFog":true,"showMaterialUpdate":false,"showSkybox":true,"showFlares":true,"showImageEffects":true,"showParticleSystems":true},"in2DMode":false,"pivot":{"x":-2.384185791015625e-7,"y":1.0000004768371583,"z":1.7881393432617188e-7},"rotation":{"x":0.16859327256679536,"y":0.8311187624931336,"z":-0.36252495646476748,"w":0.38651469349861147},"size":2.8578836917877199,"orthographic":false}