{"cameraMode":{"drawMode":0,"name":"Shaded","section":"Shading Mode"},"sceneLighting":false,"audioPlay":false,"sceneViewState":{"showFog":true,"showMaterialUpdate":false,"showSkybox":true,"showFlares":true,"showImageEffects":true,"showParticleSystems":true},"in2DMode":false,"pivot":{"x":607.10888671875,"y":247.3351593017578,"z":1.56181800365448},"rotation":{"x":0.5382482409477234,"y":0.40585702657699587,"z":-0.3958966135978699,"w":0.6235662698745728},"size":2172.260986328125,"orthographic":false}